Job Title,Company,Location,Detail Page URL
Senior Python Developer,"Payne, Roberts and Davis","
        Stewartbury, AA
      ",https://www.realpython.com
Energy engineer,Vasquez-Davidson,"
        Christopherville, AA
      ",https://realpython.github.io/fake-jobs/jobs/senior-python-developer-0.html
Legal executive,"Jackson, Chambers and Levy","
        Port Ericaburgh, AA
      ",https://www.realpython.com
Fitness centre manager,Savage-Bradley,"
        East Seanview, AP
      ",https://realpython.github.io/fake-jobs/jobs/energy-engineer-1.html
Product manager,Ramirez Inc,"
        North Jamieview, AP
      ",https://www.realpython.com
Medical technical officer,Rogers-Yates,"
        Davidville, AP
      ",https://realpython.github.io/fake-jobs/jobs/legal-executive-2.html
Physiological scientist,Kramer-Klein,"
        South Christopher, AE
      ",https://www.realpython.com
Textile designer,Meyers-Johnson,"
        Port Jonathan, AE
      ",https://realpython.github.io/fake-jobs/jobs/fitness-centre-manager-3.html
Television floor manager,Hughes-Williams,"
        Osbornetown, AE
      ",https://www.realpython.com
Waste management officer,"Jones, Williams and Villa","
        Scotttown, AP
      ",https://realpython.github.io/fake-jobs/jobs/product-manager-4.html
Software Engineer (Python),Garcia PLC,"
        Ericberg, AE
      ",https://www.realpython.com
Interpreter,Gregory and Sons,"
        Ramireztown, AE
      ",https://realpython.github.io/fake-jobs/jobs/medical-technical-officer-5.html
Architect,"Clark, Garcia and Sosa","
        Figueroaview, AA
      ",https://www.realpython.com
Meteorologist,Bush PLC,"
        Kelseystad, AA
      ",https://realpython.github.io/fake-jobs/jobs/physiological-scientist-6.html
Audiological scientist,Salazar-Meyers,"
        Williamsburgh, AE
      ",https://www.realpython.com
English as a second language teacher,"Parker, Murphy and Brooks","
        Mitchellburgh, AE
      ",https://realpython.github.io/fake-jobs/jobs/textile-designer-7.html
Surgeon,Cruz-Brown,"
        West Jessicabury, AA
      ",https://www.realpython.com
Equities trader,Macdonald-Ferguson,"
        Maloneshire, AE
      ",https://realpython.github.io/fake-jobs/jobs/television-floor-manager-8.html
Newspaper journalist,"Williams, Peterson and Rojas","
        Johnsonton, AA
      ",https://www.realpython.com
Materials engineer,Smith and Sons,"
        South Davidtown, AP
      ",https://realpython.github.io/fake-jobs/jobs/waste-management-officer-9.html
Python Programmer (Entry-Level),"Moss, Duncan and Allen","
        Port Sara, AE
      ",https://www.realpython.com
Product/process development scientist,Gomez-Carroll,"
        Marktown, AA
      ",https://realpython.github.io/fake-jobs/jobs/software-engineer-python-10.html
"Scientist, research (maths)","Manning, Welch and Herring","
        Laurenland, AE
      ",https://www.realpython.com
Ecologist,"Lee, Gutierrez and Brown","
        Lauraton, AP
      ",https://realpython.github.io/fake-jobs/jobs/interpreter-11.html
Materials engineer,"Davis, Serrano and Cook","
        South Tammyberg, AP
      ",https://www.realpython.com
Historic buildings inspector/conservation officer,Smith LLC,"
        North Brandonville, AP
      ",https://realpython.github.io/fake-jobs/jobs/architect-12.html
Data scientist,Thomas Group,"
        Port Robertfurt, AA
      ",https://www.realpython.com
Psychiatrist,Silva-King,"
        Burnettbury, AE
      ",https://realpython.github.io/fake-jobs/jobs/meteorologist-13.html
Structural engineer,Pierce-Long,"
        Herbertside, AA
      ",https://www.realpython.com
Immigration officer,Walker-Simpson,"
        Christopherport, AP
      ",https://realpython.github.io/fake-jobs/jobs/audiological-scientist-14.html
Python Programmer (Entry-Level),Cooper and Sons,"
        West Victor, AE
      ",https://www.realpython.com
Neurosurgeon,"Donovan, Gonzalez and Figueroa","
        Port Aaron, AP
      ",https://realpython.github.io/fake-jobs/jobs/english-as-a-second-language-teacher-15.html
Broadcast engineer,"Morgan, Butler and Bennett","
        Loribury, AA
      ",https://www.realpython.com
Make,Snyder-Lee,"
        Angelastad, AP
      ",https://realpython.github.io/fake-jobs/jobs/surgeon-16.html
"Nurse, adult",Harris PLC,"
        Larrytown, AE
      ",https://www.realpython.com
Air broker,Washington PLC,"
        West Colin, AP
      ",https://realpython.github.io/fake-jobs/jobs/equities-trader-17.html
"Editor, film/video","Brown, Price and Campbell","
        West Stephanie, AP
      ",https://www.realpython.com
"Production assistant, radio",Mcgee PLC,"
        Laurentown, AP
      ",https://realpython.github.io/fake-jobs/jobs/newspaper-journalist-18.html
"Engineer, communications",Dixon Inc,"
        Wrightberg, AP
      ",https://www.realpython.com
Sales executive,"Thompson, Sheppard and Ward","
        Alberttown, AE
      ",https://realpython.github.io/fake-jobs/jobs/materials-engineer-19.html
Software Developer (Python),Adams-Brewer,"
        Brockburgh, AE
      ",https://www.realpython.com
Futures trader,Schneider-Brady,"
        North Jason, AE
      ",https://realpython.github.io/fake-jobs/jobs/python-programmer-entry-level-20.html
Tour manager,Gonzales-Frank,"
        Arnoldhaven, AE
      ",https://www.realpython.com
Cytogeneticist,Smith-Wong,"
        Lake Destiny, AP
      ",https://realpython.github.io/fake-jobs/jobs/product-process-development-scientist-21.html
"Designer, multimedia",Pierce-Herrera,"
        South Timothyburgh, AP
      ",https://www.realpython.com
Trade union research officer,"Aguilar, Rivera and Quinn","
        New Jimmyton, AE
      ",https://realpython.github.io/fake-jobs/jobs/scientist-research-maths-22.html
"Chemist, analytical","Lowe, Barnes and Thomas","
        New Lucasbury, AP
      ",https://www.realpython.com
"Programmer, multimedia","Lewis, Gonzalez and Vasquez","
        Port Cory, AE
      ",https://realpython.github.io/fake-jobs/jobs/ecologist-23.html
"Engineer, broadcasting (operations)",Taylor PLC,"
        Gileston, AA
      ",https://www.realpython.com
"Teacher, primary school","Oliver, Jones and Ramirez","
        Cindyshire, AA
      ",https://realpython.github.io/fake-jobs/jobs/materials-engineer-24.html
Python Developer,Rivera and Sons,"
        East Michaelfort, AA
      ",https://www.realpython.com
Manufacturing systems engineer,Garcia PLC,"
        Joybury, AE
      ",https://realpython.github.io/fake-jobs/jobs/historic-buildings-inspector-conservation-officer-25.html
"Producer, television/film/video","Johnson, Wells and Kramer","
        Emmatown, AE
      ",https://www.realpython.com
"Scientist, forensic",Gonzalez LLC,"
        Colehaven, AP
      ",https://realpython.github.io/fake-jobs/jobs/data-scientist-26.html
Bonds trader,"Morgan, White and Macdonald","
        Port Coryton, AE
      ",https://www.realpython.com
Editorial assistant,Robinson-Fitzpatrick,"
        Amyborough, AA
      ",https://realpython.github.io/fake-jobs/jobs/psychiatrist-27.html
Photographer,"Waters, Wilson and Hoover","
        Reynoldsville, AA
      ",https://www.realpython.com
Retail banker,Hill LLC,"
        Port Billy, AP
      ",https://realpython.github.io/fake-jobs/jobs/structural-engineer-28.html
Jewellery designer,Li-Gregory,"
        Adamburgh, AA
      ",https://www.realpython.com
Ophthalmologist,"Fisher, Ryan and Coleman","
        Wilsonmouth, AA
      ",https://realpython.github.io/fake-jobs/jobs/immigration-officer-29.html
"Back-End Web Developer (Python, Django)",Stewart-Alexander,"
        South Kimberly, AA
      ",https://www.realpython.com
Licensed conveyancer,Abbott and Sons,"
        Benjaminland, AP
      ",https://realpython.github.io/fake-jobs/jobs/python-programmer-entry-level-30.html
Futures trader,"Bryant, Santana and Davenport","
        Zacharyport, AA
      ",https://www.realpython.com
Counselling psychologist,Smith PLC,"
        Port Devonville, AE
      ",https://realpython.github.io/fake-jobs/jobs/neurosurgeon-31.html
Insurance underwriter,Patterson-Singh,"
        East Thomas, AE
      ",https://www.realpython.com
"Engineer, automotive",Martinez-Berry,"
        New Jeffrey, AP
      ",https://realpython.github.io/fake-jobs/jobs/broadcast-engineer-32.html
"Producer, radio","May, Taylor and Fisher","
        Davidside, AA
      ",https://www.realpython.com
Dispensing optician,"Bailey, Owen and Thompson","
        Jamesville, AA
      ",https://realpython.github.io/fake-jobs/jobs/make-33.html
"Designer, fashion/clothing",Vasquez Ltd,"
        New Kelly, AP
      ",https://www.realpython.com
Chartered loss adjuster,Leblanc LLC,"
        Lake Antonio, AA
      ",https://realpython.github.io/fake-jobs/jobs/nurse-adult-34.html
"Back-End Web Developer (Python, Django)","Jackson, Ali and Mckee","
        New Elizabethside, AA
      ",https://www.realpython.com
Forest/woodland manager,"Blankenship, Knight and Powell","
        Millsbury, AE
      ",https://realpython.github.io/fake-jobs/jobs/air-broker-35.html
Clinical cytogeneticist,"Patton, Haynes and Jones","
        Lloydton, AP
      ",https://www.realpython.com
Print production planner,Wood Inc,"
        Port Jeremy, AA
      ",https://realpython.github.io/fake-jobs/jobs/editor-film-video-36.html
Systems developer,Collins Group,"
        New Elizabethtown, AA
      ",https://www.realpython.com
Graphic designer,Flores-Nelson,"
        Charlesstad, AE
      ",https://realpython.github.io/fake-jobs/jobs/production-assistant-radio-37.html
Writer,"Mitchell, Jones and Olson","
        Josephbury, AE
      ",https://www.realpython.com
Field seismologist,Howard Group,"
        Seanfurt, AA
      ",https://realpython.github.io/fake-jobs/jobs/engineer-communications-38.html
Chief Strategy Officer,Kramer-Edwards,"
        Williambury, AA
      ",https://www.realpython.com
Air cabin crew,Berry-Houston,"
        South Jorgeside, AP
      ",https://realpython.github.io/fake-jobs/jobs/sales-executive-39.html
Python Programmer (Entry-Level),Mathews Inc,"
        Robertborough, AP
      ",https://www.realpython.com
Warden/ranger,Riley-Johnson,"
        South Saratown, AP
      ",https://realpython.github.io/fake-jobs/jobs/software-developer-python-40.html
Sports therapist,Spencer and Sons,"
        Hullview, AA
      ",https://www.realpython.com
Arts development officer,Camacho-Sanchez,"
        Philipland, AP
      ",https://realpython.github.io/fake-jobs/jobs/futures-trader-41.html
Printmaker,Oliver and Sons,"
        North Patty, AE
      ",https://www.realpython.com
Health and safety adviser,Eaton PLC,"
        North Stephen, AE
      ",https://realpython.github.io/fake-jobs/jobs/tour-manager-42.html
Manufacturing systems engineer,Stanley-Frederick,"
        Stevensland, AP
      ",https://www.realpython.com
"Programmer, applications",Bradley LLC,"
        Reyesstad, AE
      ",https://realpython.github.io/fake-jobs/jobs/cytogeneticist-43.html
Medical physicist,"Parker, Goodwin and Zavala","
        Bellberg, AP
      ",https://www.realpython.com
Media planner,Kim-Miles,"
        North Johnland, AE
      ",https://realpython.github.io/fake-jobs/jobs/designer-multimedia-44.html
Software Developer (Python),Moreno-Rodriguez,"
        Martinezburgh, AE
      ",https://www.realpython.com
"Surveyor, land/geomatics",Brown-Ortiz,"
        Joshuatown, AE
      ",https://realpython.github.io/fake-jobs/jobs/trade-union-research-officer-45.html
Legal executive,Hartman PLC,"
        West Ericstad, AA
      ",https://www.realpython.com
"Librarian, academic",Brooks Inc,"
        Tuckertown, AE
      ",https://realpython.github.io/fake-jobs/jobs/chemist-analytical-46.html
Barrister,Washington-Castillo,"
        Perezton, AE
      ",https://www.realpython.com
Museum/gallery exhibitions officer,"Nguyen, Yoder and Petty","
        Lake Abigail, AE
      ",https://realpython.github.io/fake-jobs/jobs/programmer-multimedia-47.html
"Radiographer, diagnostic",Holder LLC,"
        Jacobshire, AP
      ",https://www.realpython.com
Database administrator,Yates-Ferguson,"
        Port Susan, AE
      ",https://realpython.github.io/fake-jobs/jobs/engineer-broadcasting-operations-48.html
Furniture designer,Ortega-Lawrence,"
        North Tiffany, AA
      ",https://www.realpython.com
Ship broker,"Fuentes, Walls and Castro","
        Michelleville, AP
      ",https://realpython.github.io/fake-jobs/jobs/teacher-primary-school-49.html
